{"cameraMode":{"drawMode":0,"name":"Shaded","section":"Shading Mode"},"sceneLighting":false,"audioPlay":false,"sceneViewState":{"m_AlwaysRefresh":false,"showFog":true,"showSkybox":false,"showFlares":true,"showImageEffects":true,"showParticleSystems":true,"showVisualEffectGraphs":true,"m_FxEnabled":true},"in2DMode":false,"pivot":{"x":-0.311435341835022,"y":33.057586669921878,"z":-12.709856033325196},"rotation":{"x":0.2130109965801239,"y":0.14855565130710603,"z":-0.03277568146586418,"w":0.9651879668235779},"size":1.8117817640304566,"orthographic":false}