{"cameraMode":{"drawMode":0,"name":"Shaded","section":"Shading Mode"},"sceneLighting":false,"audioPlay":false,"sceneViewState":{"m_AlwaysRefresh":false,"showFog":true,"showSkybox":false,"showFlares":true,"showImageEffects":true,"showParticleSystems":true,"showVisualEffectGraphs":true,"m_FxEnabled":true},"in2DMode":false,"pivot":{"x":-0.6260051727294922,"y":32.909854888916019,"z":-13.161850929260254},"rotation":{"x":0.15131230652332307,"y":0.3837992250919342,"z":-0.06396101415157318,"w":0.9087642431259155},"size":1.6038315296173096,"orthographic":false}